2ndFlrSF,GarageArea,OverallQual,TotalBsmtSF
0.0,774.0,9.0,1822.0
0.0,308.0,5.0,894.0
0.0,432.0,5.0,876.0
0.0,857.0,8.0,1568.0
0.0,843.0,7.0,1541.0
0.0,400.0,7.0,1221.0
0.0,440.0,6.0,1088.0
720.0,484.0,7.0,696.0
462.0,297.0,4.0,462.0
349.0,440.0,6.0,735.0
896.0,397.0,7.0,746.0
0.0,460.0,6.0,1362.0
788.0,442.0,6.0,756.0
0.0,451.0,6.0,1367.0
,528.0,5.0,924.0
0.0,588.0,5.0,1360.0
728.0,400.0,7.0,728.0
0.0,497.0,7.0,1188.0
0.0,625.0,5.0,0.0
612.0,528.0,6.0,612.0
752.0,468.0,7.0,952.0
406.0,384.0,5.0,861.0
557.0,297.0,5.0,803.0
0.0,420.0,6.0,848.0
780.0,749.0,8.0,1482.0
0.0,396.0,4.0,836.0
0.0,398.0,7.0,1375.0
924.0,396.0,6.0,735.0
110.0,0.0,6.0,901.0
0.0,499.0,8.0,1501.0
0.0,308.0,6.0,1012.0
998.0,672.0,7.0,824.0
,672.0,5.0,360.0
872.0,650.0,7.0,1057.0
0.0,576.0,5.0,911.0
0.0,765.0,9.0,1838.0
0.0,924.0,6.0,1296.0
0.0,672.0,5.0,1148.0
0.0,280.0,5.0,950.0
846.0,471.0,8.0,777.0
720.0,440.0,6.0,1065.0
0.0,440.0,7.0,1316.0
0.0,615.0,6.0,1442.0
0.0,500.0,5.0,1078.0
0.0,544.0,4.0,1040.0
640.0,527.0,8.0,408.0
682.0,240.0,7.0,651.0
0.0,280.0,5.0,1056.0
0.0,874.0,9.0,1792.0
,402.0,6.0,1216.0
764.0,576.0,7.0,596.0
1112.0,434.0,7.0,847.0
,546.0,6.0,1208.0
650.0,315.0,5.0,874.0
358.0,240.0,4.0,796.0
0.0,420.0,5.0,0.0
0.0,273.0,5.0,190.0
0.0,600.0,5.0,943.0
902.0,603.0,7.0,866.0
1177.0,779.0,9.0,1393.0
0.0,275.0,5.0,912.0
0.0,308.0,5.0,0.0
0.0,511.0,6.0,1405.0
0.0,850.0,10.0,2076.0
1203.0,752.0,8.0,1318.0
787.0,240.0,5.0,731.0
0.0,538.0,8.0,1573.0
700.0,389.0,6.0,1444.0
,880.0,10.0,1237.0
728.0,477.0,6.0,585.0
0.0,541.0,7.0,1525.0
0.0,722.0,8.0,1571.0
0.0,0.0,5.0,796.0
994.0,432.0,5.0,994.0
670.0,402.0,7.0,384.0
0.0,364.0,4.0,648.0
1104.0,372.0,5.0,732.0
0.0,484.0,6.0,1040.0
574.0,694.0,9.0,2153.0
455.0,200.0,5.0,676.0
1000.0,400.0,5.0,960.0
0.0,336.0,5.0,1144.0
0.0,576.0,6.0,1056.0
0.0,0.0,4.0,693.0
0.0,576.0,6.0,1479.0
0.0,482.0,8.0,1594.0
0.0,352.0,5.0,864.0
0.0,750.0,8.0,1566.0
660.0,497.0,6.0,723.0
0.0,539.0,4.0,780.0
574.0,180.0,5.0,939.0
408.0,560.0,6.0,884.0
0.0,386.0,5.0,955.0
0.0,210.0,3.0,1007.0
0.0,572.0,5.0,1056.0
797.0,615.0,7.0,756.0
0.0,865.0,7.0,1614.0
0.0,1390.0,8.0,2042.0
0.0,326.0,5.0,1073.0
213.0,240.0,5.0,672.0
0.0,550.0,6.0,1205.0
0.0,0.0,4.0,528.0
0.0,300.0,5.0,1150.0
728.0,400.0,6.0,728.0
0.0,588.0,7.0,944.0
750.0,564.0,6.0,750.0
0.0,375.0,5.0,1165.0
729.0,398.0,6.0,839.0
1054.0,836.0,9.0,1104.0
0.0,573.0,7.0,1560.0
,312.0,5.0,728.0
0.0,286.0,4.0,630.0
0.0,504.0,6.0,1143.0
1101.0,947.0,7.0,1063.0
550.0,384.0,4.0,560.0
1426.0,550.0,8.0,1184.0
932.0,936.0,7.0,1026.0
0.0,898.0,8.0,1468.0
432.0,539.0,5.0,0.0
432.0,240.0,5.0,768.0
438.0,438.0,7.0,1092.0
795.0,440.0,4.0,795.0
0.0,240.0,6.0,1064.0
0.0,624.0,5.0,864.0
0.0,440.0,7.0,1208.0
504.0,264.0,6.0,483.0
1281.0,628.0,7.0,1210.0
600.0,440.0,5.0,765.0
1141.0,779.0,8.0,1128.0
1347.0,840.0,9.0,1249.0
0.0,352.0,4.0,907.0
,440.0,6.0,855.0
0.0,540.0,5.0,1106.0
0.0,684.0,4.0,858.0
0.0,516.0,7.0,2223.0
0.0,672.0,4.0,1005.0
809.0,409.0,7.0,712.0
0.0,384.0,5.0,1040.0
0.0,461.0,5.0,1268.0
887.0,578.0,7.0,874.0
0.0,888.0,6.0,1012.0
0.0,439.0,7.0,1385.0
0.0,480.0,6.0,1436.0
0.0,839.0,8.0,2109.0
0.0,544.0,7.0,1573.0
0.0,820.0,9.0,2330.0
977.0,645.0,7.0,1057.0
0.0,431.0,6.0,1291.0
0.0,0.0,5.0,858.0
560.0,280.0,6.0,560.0
0.0,246.0,2.0,290.0
728.0,440.0,6.0,672.0
0.0,240.0,5.0,920.0
0.0,645.0,6.0,1127.0
0.0,525.0,6.0,547.0
0.0,0.0,5.0,0.0
689.0,441.0,6.0,844.0
1254.0,380.0,8.0,965.0
912.0,0.0,6.0,912.0
868.0,422.0,6.0,872.0
0.0,576.0,5.0,912.0
0.0,600.0,6.0,1461.0
448.0,216.0,6.0,976.0
0.0,397.0,6.0,1316.0
0.0,450.0,5.0,768.0
378.0,240.0,5.0,756.0
0.0,865.0,8.0,1623.0
660.0,400.0,7.0,660.0
966.0,538.0,5.0,1013.0
0.0,525.0,5.0,1120.0
0.0,756.0,5.0,992.0
546.0,0.0,4.0,546.0
978.0,704.0,7.0,718.0
0.0,576.0,5.0,845.0
1039.0,668.0,6.0,894.0
546.0,264.0,6.0,672.0
808.0,534.0,7.0,808.0
870.0,556.0,8.0,1220.0
0.0,487.0,5.0,1484.0
0.0,506.0,5.0,1656.0
406.0,210.0,6.0,818.0
1032.0,390.0,6.0,992.0
0.0,576.0,7.0,832.0
546.0,286.0,4.0,546.0
0.0,252.0,5.0,1268.0
834.0,550.0,7.0,799.0
0.0,502.0,8.0,1657.0
0.0,508.0,6.0,1478.0
0.0,306.0,6.0,932.0
0.0,526.0,7.0,1277.0
0.0,630.0,7.0,1530.0
0.0,484.0,5.0,1024.0
0.0,528.0,5.0,840.0
0.0,626.0,7.0,1314.0
571.0,868.0,7.0,1391.0
702.0,388.0,7.0,788.0
0.0,420.0,6.0,848.0
0.0,240.0,5.0,672.0
1152.0,252.0,7.0,1152.0
704.0,180.0,5.0,660.0
754.0,484.0,7.0,725.0
0.0,740.0,7.0,1226.0
1111.0,444.0,6.0,832.0
0.0,576.0,6.0,1158.0
0.0,480.0,5.0,1154.0
844.0,527.0,7.0,880.0
885.0,431.0,6.0,773.0
0.0,520.0,4.0,0.0
521.0,300.0,5.0,816.0
1479.0,1014.0,8.0,728.0
504.0,264.0,6.0,483.0
547.0,0.0,5.0,644.0
0.0,505.0,7.0,585.0
,440.0,7.0,744.0
0.0,908.0,8.0,1976.0
0.0,758.0,8.0,1563.0
539.0,288.0,7.0,572.0
651.0,270.0,7.0,776.0
0.0,452.0,3.0,0.0
880.0,706.0,9.0,1848.0
672.0,264.0,5.0,630.0
192.0,586.0,7.0,1332.0
468.0,680.0,4.0,0.0
0.0,430.0,5.0,1125.0
600.0,480.0,7.0,600.0
842.0,520.0,6.0,798.0
904.0,525.0,7.0,1223.0
0.0,240.0,6.0,972.0
878.0,466.0,8.0,1128.0
,596.0,5.0,1144.0
0.0,288.0,5.0,1062.0
0.0,484.0,5.0,926.0
838.0,592.0,8.0,1086.0
0.0,240.0,5.0,1164.0
0.0,840.0,5.0,952.0
1215.0,0.0,8.0,684.0
0.0,540.0,6.0,880.0
691.0,672.0,6.0,482.0
0.0,480.0,6.0,1004.0
456.0,305.0,4.0,747.0
0.0,495.0,5.0,915.0
0.0,440.0,5.0,1145.0
0.0,445.0,7.0,1453.0
0.0,670.0,8.0,1581.0
0.0,825.0,8.0,1588.0
0.0,264.0,6.0,588.0
0.0,368.0,5.0,1050.0
0.0,432.0,4.0,960.0
454.0,280.0,5.0,810.0
0.0,462.0,6.0,1489.0
0.0,786.0,7.0,1726.0
720.0,484.0,7.0,1362.0
0.0,484.0,7.0,1309.0
1140.0,1069.0,8.0,1284.0
984.0,660.0,7.0,879.0
0.0,396.0,5.0,768.0
0.0,0.0,1.0,0.0
0.0,384.0,6.0,1136.0
0.0,405.0,6.0,1237.0
0.0,288.0,5.0,912.0
936.0,264.0,5.0,864.0
720.0,240.0,5.0,720.0
526.0,0.0,5.0,658.0
925.0,308.0,7.0,925.0
0.0,624.0,5.0,1063.0
0.0,576.0,6.0,1422.0
0.0,576.0,5.0,1632.0
0.0,451.0,7.0,1630.0
0.0,0.0,3.0,1013.0
0.0,420.0,4.0,0.0
806.0,216.0,6.0,806.0
653.0,576.0,4.0,1122.0
0.0,418.0,6.0,1416.0
1092.0,868.0,8.0,1482.0
764.0,520.0,6.0,764.0
0.0,520.0,6.0,1248.0
0.0,440.0,6.0,958.0
795.0,370.0,6.0,833.0
0.0,490.0,4.0,1281.0
0.0,400.0,6.0,1158.0
,220.0,6.0,735.0
0.0,288.0,5.0,892.0
0.0,240.0,5.0,788.0
0.0,0.0,5.0,1140.0
813.0,483.0,6.0,780.0
912.0,551.0,6.0,848.0
981.0,812.0,10.0,1017.0
0.0,216.0,5.0,691.0
,676.0,8.0,768.0
639.0,325.0,6.0,994.0
776.0,442.0,7.0,994.0
884.0,543.0,7.0,884.0
1796.0,807.0,10.0,1930.0
,403.0,6.0,1298.0
0.0,484.0,7.0,1501.0
0.0,0.0,5.0,630.0
0.0,440.0,6.0,1103.0
319.0,384.0,4.0,859.0
0.0,440.0,4.0,1196.0
,529.0,7.0,1372.0
0.0,296.0,6.0,1099.0
0.0,626.0,7.0,1422.0
874.0,501.0,6.0,1580.0
0.0,440.0,4.0,1121.0
1330.0,852.0,8.0,1143.0
0.0,576.0,5.0,1057.0
0.0,602.0,5.0,1097.0
1106.0,671.0,8.0,1152.0
0.0,746.0,9.0,2002.0
714.0,440.0,6.0,672.0
871.0,1043.0,8.0,1082.0
0.0,462.0,8.0,1337.0
1288.0,648.0,8.0,969.0
0.0,826.0,8.0,1705.0
0.0,484.0,5.0,1024.0
0.0,660.0,7.0,1373.0
0.0,567.0,7.0,1902.0
1216.0,693.0,7.0,1216.0
0.0,528.0,5.0,1086.0
0.0,460.0,6.0,1054.0
1336.0,676.0,8.0,1225.0
0.0,288.0,5.0,876.0
,484.0,7.0,845.0
703.0,299.0,6.0,689.0
0.0,576.0,5.0,1109.0
768.0,240.0,5.0,1208.0
208.0,208.0,6.0,862.0
611.0,502.0,6.0,611.0
1286.0,429.0,7.0,975.0
668.0,250.0,4.0,649.0
0.0,928.0,8.0,1734.0
0.0,312.0,6.0,1194.0
540.0,720.0,5.0,876.0
0.0,354.0,5.0,1383.0
1001.0,871.0,5.0,1001.0
0.0,474.0,8.0,1496.0
620.0,660.0,5.0,984.0
0.0,504.0,5.0,680.0
755.0,476.0,6.0,741.0
0.0,840.0,7.0,1494.0
0.0,180.0,6.0,960.0
0.0,397.0,7.0,1145.0
742.0,0.0,6.0,742.0
0.0,525.0,6.0,819.0
581.0,686.0,5.0,650.0
1370.0,656.0,9.0,1122.0
0.0,528.0,4.0,600.0
989.0,583.0,7.0,1108.0
1538.0,884.0,10.0,3138.0
390.0,624.0,6.0,698.0
0.0,0.0,4.0,720.0
0.0,830.0,8.0,1580.0
0.0,0.0,4.0,1440.0
,540.0,6.0,738.0
0.0,570.0,7.0,1500.0
464.0,216.0,5.0,884.0
0.0,884.0,5.0,864.0
0.0,514.0,6.0,1394.0
832.0,484.0,6.0,800.0
0.0,336.0,5.0,912.0
1254.0,864.0,6.0,1370.0
0.0,349.0,5.0,1140.0
548.0,440.0,5.0,440.0
1178.0,440.0,8.0,853.0
728.0,429.0,6.0,728.0
0.0,660.0,4.0,864.0
739.0,380.0,6.0,970.0
855.0,528.0,8.0,810.0
1274.0,656.0,7.0,1347.0
,595.0,7.0,798.0
685.0,420.0,3.0,978.0
0.0,529.0,4.0,1364.0
0.0,504.0,5.0,1728.0
790.0,462.0,6.0,1055.0
831.0,440.0,6.0,822.0
0.0,776.0,8.0,1489.0
0.0,300.0,6.0,864.0
0.0,276.0,5.0,1256.0
0.0,816.0,5.0,816.0
918.0,492.0,7.0,864.0
1215.0,833.0,7.0,1104.0
0.0,461.0,5.0,1065.0
0.0,312.0,6.0,1200.0
0.0,632.0,7.0,1187.0
1349.0,642.0,8.0,1094.0
,527.0,7.0,1720.0
0.0,0.0,5.0,672.0
0.0,496.0,6.0,1278.0
0.0,450.0,5.0,1090.0
,420.0,8.0,1141.0
0.0,440.0,5.0,969.0
0.0,1248.0,3.0,894.0
,360.0,5.0,1008.0
979.0,492.0,6.0,979.0
0.0,895.0,8.0,1795.0
0.0,606.0,9.0,1930.0
0.0,439.0,5.0,1176.0
672.0,400.0,6.0,672.0
0.0,554.0,7.0,1417.0
0.0,338.0,5.0,864.0
495.0,200.0,5.0,616.0
790.0,420.0,6.0,680.0
0.0,440.0,6.0,1116.0
,288.0,6.0,864.0
0.0,498.0,5.0,1297.0
0.0,264.0,5.0,1113.0
0.0,577.0,7.0,1490.0
783.0,614.0,7.0,756.0
956.0,678.0,7.0,991.0
0.0,908.0,8.0,1709.0
0.0,440.0,6.0,1010.0
886.0,455.0,7.0,1117.0
0.0,388.0,7.0,1266.0
876.0,716.0,9.0,1992.0
1276.0,554.0,7.0,952.0
0.0,494.0,7.0,1414.0
785.0,471.0,6.0,928.0
741.0,434.0,6.0,713.0
430.0,528.0,4.0,698.0
0.0,358.0,6.0,1096.0
0.0,574.0,6.0,1728.0
762.0,711.0,8.0,1629.0
0.0,452.0,5.0,1437.0
530.0,400.0,7.0,1156.0
0.0,400.0,7.0,856.0
0.0,484.0,8.0,1370.0
0.0,480.0,6.0,1680.0
739.0,380.0,7.0,970.0
,264.0,6.0,483.0
901.0,216.0,7.0,793.0
1175.0,360.0,6.0,952.0
0.0,264.0,6.0,1059.0
0.0,533.0,6.0,1604.0
0.0,336.0,6.0,1244.0
0.0,252.0,4.0,700.0
623.0,480.0,7.0,600.0
0.0,612.0,6.0,1686.0
0.0,800.0,8.0,1638.0
0.0,264.0,5.0,864.0
858.0,639.0,7.0,939.0
0.0,462.0,4.0,0.0
873.0,839.0,7.0,992.0
0.0,308.0,5.0,1056.0
1174.0,820.0,9.0,1926.0
0.0,492.0,6.0,506.0
0.0,636.0,8.0,1686.0
709.0,413.0,6.0,802.0
0.0,246.0,5.0,1057.0
1044.0,560.0,4.0,777.0
806.0,786.0,7.0,1204.0
1523.0,594.0,7.0,1673.0
807.0,512.0,7.0,880.0
0.0,457.0,6.0,1372.0
0.0,437.0,7.0,1346.0
,648.0,8.0,1053.0
628.0,462.0,7.0,600.0
0.0,264.0,5.0,999.0
622.0,528.0,4.0,622.0
0.0,490.0,6.0,1127.0
0.0,702.0,9.0,1626.0
1218.0,853.0,8.0,1158.0
551.0,352.0,5.0,540.0
676.0,388.0,6.0,794.0
0.0,532.0,7.0,1541.0
0.0,0.0,4.0,1440.0
0.0,438.0,7.0,868.0
0.0,481.0,8.0,1494.0
,738.0,9.0,1462.0
523.0,186.0,5.0,731.0
1242.0,683.0,8.0,1028.0
850.0,540.0,6.0,816.0
703.0,504.0,7.0,1064.0
,550.0,8.0,1324.0
546.0,330.0,6.0,912.0
0.0,440.0,6.0,1314.0
0.0,529.0,6.0,1575.0
0.0,912.0,9.0,1620.0
684.0,304.0,4.0,1104.0
0.0,240.0,6.0,814.0
0.0,500.0,6.0,1542.0
677.0,492.0,8.0,776.0
875.0,225.0,7.0,815.0
0.0,576.0,5.0,1188.0
0.0,508.0,7.0,1568.0
0.0,0.0,5.0,864.0
576.0,336.0,5.0,536.0
1121.0,746.0,7.0,700.0
518.0,210.0,4.0,686.0
0.0,216.0,4.0,656.0
698.0,384.0,6.0,698.0
0.0,834.0,9.0,1856.0
551.0,789.0,8.0,1582.0
0.0,529.0,6.0,1602.0
672.0,280.0,5.0,630.0
702.0,393.0,6.0,783.0
0.0,352.0,5.0,912.0
,420.0,6.0,1004.0
304.0,576.0,6.0,1181.0
0.0,220.0,4.0,747.0
0.0,420.0,4.0,0.0
829.0,493.0,7.0,831.0
665.0,308.0,5.0,1026.0
0.0,720.0,5.0,864.0
0.0,264.0,6.0,744.0
829.0,564.0,7.0,963.0
862.0,474.0,7.0,764.0
0.0,472.0,8.0,1476.0
1818.0,870.0,7.0,1470.0
0.0,840.0,9.0,1652.0
0.0,350.0,5.0,1276.0
,271.0,6.0,856.0
472.0,0.0,4.0,720.0
0.0,504.0,5.0,840.0
,454.0,7.0,1157.0
0.0,392.0,5.0,0.0
883.0,532.0,7.0,728.0
688.0,336.0,5.0,264.0
684.0,216.0,6.0,684.0
765.0,379.0,3.0,840.0
0.0,900.0,10.0,2006.0
625.0,528.0,7.0,625.0
0.0,757.0,8.0,1624.0
0.0,360.0,4.0,845.0
0.0,418.0,5.0,1389.0
0.0,480.0,5.0,968.0
546.0,286.0,4.0,546.0
0.0,420.0,6.0,848.0
0.0,308.0,5.0,1269.0
0.0,288.0,5.0,1092.0
795.0,539.0,7.0,795.0
0.0,283.0,4.0,952.0
716.0,0.0,4.0,736.0
0.0,504.0,5.0,1039.0
0.0,412.0,6.0,1204.0
0.0,672.0,6.0,1029.0
0.0,701.0,7.0,2158.0
0.0,328.0,5.0,985.0
0.0,880.0,8.0,3206.0
600.0,216.0,7.0,861.0
0.0,484.0,5.0,980.0
1129.0,590.0,7.0,1095.0
602.0,180.0,6.0,602.0
626.0,432.0,6.0,697.0
1028.0,836.0,8.0,1034.0
0.0,0.0,2.0,264.0
0.0,840.0,8.0,1573.0
0.0,774.0,8.0,1932.0
0.0,404.0,5.0,1075.0
0.0,280.0,5.0,882.0
,786.0,10.0,1700.0
661.0,240.0,5.0,636.0
1015.0,834.0,7.0,1379.0
1194.0,680.0,8.0,774.0
0.0,532.0,7.0,1536.0
0.0,200.0,3.0,864.0
0.0,546.0,8.0,3200.0
631.0,670.0,7.0,1434.0
1320.0,864.0,7.0,1240.0
0.0,530.0,7.0,1304.0
1060.0,878.0,8.0,1030.0
0.0,360.0,5.0,864.0
800.0,530.0,5.0,784.0
,480.0,6.0,1040.0
512.0,528.0,6.0,684.0
668.0,451.0,5.0,1052.0
0.0,576.0,5.0,1728.0
903.0,577.0,8.0,1128.0
0.0,297.0,6.0,1196.0
0.0,360.0,5.0,720.0
840.0,462.0,5.0,780.0
0.0,1134.0,8.0,2077.0
0.0,617.0,9.0,1869.0
930.0,431.0,7.0,930.0
0.0,308.0,2.0,480.0
0.0,516.0,4.0,0.0
0.0,288.0,4.0,816.0
,478.0,7.0,1271.0
830.0,451.0,6.0,936.0
1168.0,796.0,8.0,1338.0
0.0,796.0,5.0,1144.0
1611.0,621.0,5.0,612.0
605.0,312.0,6.0,972.0
0.0,624.0,5.0,970.0
0.0,513.0,7.0,2136.0
,440.0,6.0,1026.0
0.0,0.0,5.0,698.0
0.0,576.0,7.0,1533.0
0.0,660.0,5.0,720.0
0.0,530.0,7.0,1391.0
0.0,240.0,5.0,1078.0
0.0,471.0,8.0,1267.0
0.0,301.0,6.0,1442.0
940.0,0.0,5.0,940.0
0.0,644.0,7.0,1502.0
0.0,458.0,6.0,1392.0
0.0,0.0,4.0,1768.0
0.0,390.0,5.0,1624.0
0.0,301.0,6.0,958.0
0.0,600.0,5.0,894.0
0.0,402.0,6.0,1224.0
590.0,846.0,10.0,1682.0
0.0,430.0,8.0,1256.0
0.0,712.0,8.0,1732.0
728.0,390.0,6.0,728.0
0.0,539.0,6.0,655.0
0.0,240.0,5.0,1008.0
0.0,430.0,7.0,1373.0
892.0,180.0,5.0,747.0
0.0,280.0,7.0,637.0
640.0,400.0,5.0,384.0
734.0,496.0,7.0,980.0
0.0,294.0,5.0,0.0
0.0,0.0,3.0,728.0
591.0,288.0,6.0,626.0
0.0,299.0,5.0,990.0
1320.0,691.0,8.0,1117.0
0.0,420.0,6.0,848.0
672.0,300.0,6.0,672.0
0.0,676.0,6.0,1218.0
748.0,672.0,6.0,588.0
0.0,550.0,8.0,1247.0
1330.0,619.0,6.0,1330.0
0.0,482.0,8.0,1600.0
0.0,546.0,6.0,1844.0
858.0,689.0,7.0,1113.0
793.0,463.0,6.0,982.0
887.0,574.0,7.0,1050.0
0.0,0.0,4.0,630.0
0.0,530.0,7.0,1494.0
,0.0,3.0,600.0
0.0,508.0,7.0,1274.0
0.0,364.0,6.0,1156.0
0.0,528.0,6.0,660.0
702.0,393.0,7.0,783.0
793.0,550.0,7.0,793.0
0.0,0.0,6.0,816.0
0.0,555.0,7.0,1176.0
,548.0,4.0,941.0
0.0,528.0,6.0,1080.0
0.0,240.0,5.0,768.0
0.0,818.0,8.0,1694.0
0.0,765.0,8.0,1800.0
915.0,560.0,5.0,662.0
678.0,315.0,6.0,1040.0
0.0,576.0,6.0,940.0
0.0,408.0,5.0,876.0
0.0,484.0,5.0,1126.0
1332.0,872.0,8.0,1136.0
0.0,540.0,6.0,938.0
0.0,288.0,5.0,1052.0
524.0,0.0,6.0,572.0
0.0,484.0,6.0,1141.0
778.0,484.0,6.0,732.0
848.0,660.0,8.0,1004.0
0.0,0.0,6.0,520.0
720.0,513.0,5.0,624.0
0.0,576.0,7.0,1947.0
1051.0,360.0,6.0,907.0
1540.0,831.0,8.0,1142.0
0.0,484.0,7.0,1364.0
0.0,402.0,7.0,1237.0
0.0,528.0,6.0,1328.0
0.0,286.0,5.0,978.0
800.0,486.0,7.0,768.0
0.0,192.0,6.0,952.0
0.0,500.0,8.0,1660.0
0.0,1166.0,9.0,2216.0
0.0,160.0,6.0,768.0
0.0,396.0,7.0,1340.0
0.0,480.0,6.0,1610.0
1259.0,600.0,5.0,1361.0
0.0,438.0,7.0,1248.0
0.0,288.0,6.0,912.0
,472.0,6.0,943.0
0.0,1356.0,4.0,1249.0
884.0,180.0,6.0,1028.0
0.0,456.0,5.0,1144.0
672.0,281.0,5.0,793.0
0.0,472.0,6.0,1516.0
0.0,675.0,7.0,1498.0
1157.0,560.0,6.0,804.0
728.0,440.0,7.0,728.0
1196.0,349.0,7.0,1032.0
0.0,708.0,9.0,1896.0
0.0,474.0,7.0,1368.0
908.0,588.0,7.0,873.0
1237.0,858.0,9.0,1452.0
551.0,312.0,5.0,720.0
,604.0,7.0,1845.0
900.0,577.0,7.0,1190.0
914.0,546.0,6.0,794.0
0.0,436.0,7.0,1302.0
0.0,542.0,8.0,2524.0
534.0,338.0,4.0,840.0
862.0,474.0,7.0,764.0
299.0,240.0,5.0,735.0
,588.0,8.0,1518.0
592.0,240.0,7.0,1040.0
0.0,598.0,7.0,1649.0
895.0,432.0,6.0,854.0
650.0,324.0,7.0,650.0
0.0,564.0,8.0,1742.0
564.0,280.0,5.0,686.0
0.0,528.0,6.0,816.0
988.0,506.0,8.0,908.0
403.0,240.0,6.0,940.0
0.0,377.0,6.0,992.0
1103.0,552.0,8.0,832.0
0.0,534.0,8.0,1777.0
1081.0,434.0,7.0,847.0
0.0,336.0,5.0,1051.0
601.0,440.0,6.0,855.0
817.0,431.0,7.0,798.0
0.0,880.0,8.0,1868.0
0.0,665.0,8.0,1565.0
860.0,663.0,7.0,814.0
0.0,0.0,5.0,974.0
898.0,586.0,8.0,1065.0
1017.0,678.0,7.0,1080.0
0.0,500.0,7.0,1424.0
,720.0,5.0,1120.0
687.0,240.0,7.0,1026.0
741.0,583.0,6.0,689.0
1312.0,666.0,8.0,1234.0
240.0,0.0,5.0,780.0
679.0,779.0,4.0,1095.0
0.0,0.0,1.0,683.0
709.0,490.0,7.0,673.0
1518.0,840.0,10.0,1107.0
1032.0,205.0,6.0,1008.0
766.0,373.0,6.0,806.0
0.0,739.0,7.0,1643.0
0.0,304.0,5.0,1056.0
272.0,392.0,5.0,784.0
0.0,504.0,6.0,1362.0
0.0,420.0,6.0,848.0
0.0,527.0,7.0,1454.0
,628.0,7.0,1208.0
370.0,566.0,5.0,796.0
0.0,691.0,8.0,1986.0
1093.0,983.0,7.0,1311.0
0.0,626.0,7.0,1314.0
739.0,380.0,7.0,970.0
546.0,0.0,6.0,672.0
1440.0,0.0,6.0,1440.0
0.0,0.0,5.0,1200.0
0.0,297.0,5.0,912.0
1872.0,832.0,10.0,2444.0
854.0,548.0,7.0,856.0
1140.0,656.0,8.0,1181.0
704.0,234.0,7.0,704.0
0.0,528.0,5.0,1466.0
0.0,292.0,6.0,1383.0
0.0,410.0,5.0,0.0
0.0,576.0,5.0,990.0
728.0,240.0,7.0,918.0
1020.0,440.0,6.0,1020.0
685.0,550.0,7.0,539.0
743.0,541.0,8.0,1683.0
1020.0,576.0,6.0,952.0
567.0,240.0,4.0,672.0
600.0,480.0,7.0,600.0
672.0,468.0,5.0,672.0
828.0,500.0,7.0,840.0
0.0,400.0,3.0,0.0
0.0,576.0,5.0,900.0
0.0,812.0,5.0,1559.0
0.0,248.0,4.0,864.0
,264.0,6.0,923.0
0.0,782.0,7.0,1552.0
,642.0,7.0,756.0
0.0,440.0,5.0,1461.0
504.0,264.0,6.0,483.0
0.0,521.0,6.0,1200.0
568.0,281.0,5.0,768.0
0.0,336.0,5.0,894.0
0.0,336.0,5.0,0.0
0.0,528.0,7.0,1053.0
0.0,576.0,5.0,1063.0
0.0,459.0,4.0,1051.0
1306.0,721.0,7.0,1203.0
0.0,297.0,6.0,1215.0
1323.0,844.0,8.0,1165.0
600.0,480.0,7.0,600.0
0.0,560.0,5.0,1728.0
808.0,480.0,7.0,576.0
985.0,870.0,8.0,1396.0
730.0,457.0,7.0,996.0
843.0,562.0,7.0,813.0
1414.0,792.0,7.0,1264.0
0.0,528.0,4.0,864.0
0.0,234.0,4.0,672.0
0.0,564.0,5.0,1164.0
,440.0,6.0,1078.0
0.0,550.0,7.0,1710.0
0.0,502.0,5.0,1219.0
0.0,400.0,8.0,1273.0
472.0,576.0,5.0,927.0
0.0,766.0,7.0,1907.0
0.0,0.0,5.0,1008.0
0.0,0.0,5.0,0.0
983.0,484.0,7.0,1107.0
0.0,461.0,5.0,1214.0
0.0,454.0,5.0,1763.0
0.0,808.0,8.0,1616.0
0.0,627.0,8.0,1554.0
1243.0,642.0,7.0,964.0
0.0,0.0,4.0,796.0
840.0,308.0,6.0,840.0
0.0,420.0,6.0,848.0
0.0,528.0,5.0,1142.0
0.0,564.0,6.0,1602.0
0.0,564.0,9.0,1684.0
0.0,888.0,8.0,2000.0
0.0,834.0,7.0,1616.0
573.0,531.0,8.0,1299.0
534.0,225.0,5.0,1042.0
807.0,575.0,7.0,807.0
0.0,276.0,5.0,876.0
0.0,620.0,8.0,1844.0
0.0,528.0,6.0,1258.0
0.0,500.0,8.0,1260.0
0.0,866.0,8.0,1626.0
,440.0,6.0,855.0
707.0,403.0,8.0,707.0
0.0,478.0,7.0,1504.0
0.0,690.0,7.0,1670.0
651.0,518.0,7.0,1192.0
0.0,440.0,6.0,1069.0
0.0,525.0,6.0,547.0
0.0,995.0,5.0,1572.0
561.0,456.0,5.0,1088.0
0.0,0.0,4.0,882.0
0.0,676.0,9.0,1922.0
0.0,352.0,5.0,780.0
580.0,300.0,5.0,533.0
0.0,430.0,7.0,1530.0
0.0,0.0,5.0,833.0
504.0,308.0,3.0,649.0
0.0,260.0,5.0,1040.0
1362.0,1052.0,8.0,1466.0
220.0,288.0,6.0,1032.0
0.0,305.0,5.0,1246.0
0.0,180.0,6.0,884.0
686.0,416.0,5.0,686.0
0.0,288.0,5.0,832.0
741.0,342.0,6.0,896.0
,484.0,7.0,1358.0
0.0,484.0,6.0,1657.0
0.0,275.0,6.0,816.0
1038.0,390.0,7.0,992.0
862.0,474.0,7.0,764.0
689.0,299.0,6.0,663.0
408.0,240.0,5.0,768.0
811.0,240.0,6.0,715.0
796.0,432.0,6.0,616.0
713.0,216.0,6.0,756.0
656.0,400.0,7.0,384.0
0.0,495.0,6.0,1094.0
0.0,758.0,8.0,1814.0
252.0,576.0,5.0,672.0
0.0,528.0,8.0,1488.0
1072.0,603.0,6.0,616.0
0.0,572.0,6.0,1262.0
0.0,788.0,9.0,1905.0
878.0,541.0,7.0,1153.0
0.0,478.0,6.0,1064.0
888.0,613.0,7.0,941.0
0.0,300.0,5.0,828.0
252.0,280.0,4.0,672.0
1208.0,905.0,8.0,1055.0
872.0,540.0,6.0,1127.0
0.0,528.0,7.0,1242.0
584.0,240.0,4.0,884.0
1151.0,434.0,7.0,884.0
0.0,516.0,6.0,1232.0
866.0,483.0,7.0,803.0
348.0,0.0,4.0,576.0
0.0,450.0,5.0,894.0
1142.0,619.0,6.0,1054.0
0.0,396.0,5.0,768.0
,0.0,4.0,0.0
1040.0,504.0,5.0,1040.0
0.0,576.0,5.0,1040.0
467.0,216.0,6.0,1149.0
0.0,273.0,4.0,641.0
0.0,484.0,5.0,1134.0
0.0,528.0,6.0,832.0
0.0,384.0,5.0,894.0
596.0,189.0,5.0,596.0
0.0,772.0,9.0,1833.0
0.0,288.0,5.0,864.0
0.0,264.0,5.0,864.0
1031.0,506.0,6.0,1214.0
1063.0,360.0,5.0,849.0
678.0,470.0,6.0,926.0
1134.0,422.0,7.0,868.0
0.0,308.0,5.0,938.0
514.0,216.0,7.0,912.0
992.0,400.0,5.0,928.0
0.0,260.0,5.0,1098.0
0.0,0.0,3.0,270.0
0.0,528.0,6.0,1252.0
0.0,792.0,5.0,1584.0
0.0,592.0,9.0,1498.0
0.0,506.0,9.0,1698.0
0.0,299.0,5.0,1092.0
0.0,758.0,9.0,1746.0
983.0,667.0,7.0,1304.0
0.0,200.0,5.0,768.0
0.0,270.0,5.0,1041.0
915.0,431.0,8.0,967.0
1257.0,390.0,6.0,1010.0
0.0,180.0,5.0,715.0
0.0,364.0,5.0,1216.0
0.0,714.0,6.0,1567.0
1088.0,1020.0,9.0,1734.0
689.0,360.0,7.0,689.0
457.0,368.0,4.0,715.0
896.0,521.0,6.0,1151.0
0.0,286.0,5.0,936.0
880.0,440.0,7.0,840.0
0.0,338.0,5.0,1050.0
0.0,576.0,6.0,1114.0
,750.0,5.0,1008.0
0.0,682.0,8.0,1593.0
,318.0,5.0,1214.0
0.0,264.0,5.0,816.0
0.0,400.0,5.0,0.0
1360.0,795.0,8.0,1360.0
840.0,685.0,8.0,1079.0
0.0,672.0,5.0,1097.0
767.0,423.0,6.0,983.0
504.0,288.0,6.0,483.0
0.0,576.0,6.0,981.0
0.0,447.0,5.0,1398.0
0.0,308.0,5.0,816.0
896.0,622.0,7.0,944.0
1230.0,576.0,6.0,942.0
0.0,902.0,5.0,1002.0
,294.0,4.0,721.0
0.0,564.0,6.0,936.0
0.0,856.0,8.0,1713.0
0.0,576.0,6.0,1392.0
0.0,923.0,6.0,912.0
0.0,648.0,4.0,1064.0
0.0,608.0,8.0,1595.0
0.0,601.0,6.0,1184.0
975.0,576.0,7.0,975.0
0.0,490.0,5.0,1086.0
504.0,528.0,5.0,1324.0
0.0,624.0,5.0,768.0
0.0,676.0,6.0,1161.0
885.0,647.0,8.0,1284.0
,287.0,3.0,0.0
1208.0,520.0,6.0,1510.0
0.0,576.0,4.0,936.0
0.0,588.0,4.0,1138.0
0.0,954.0,7.0,1689.0
0.0,280.0,4.0,948.0
756.0,440.0,6.0,756.0
0.0,450.0,5.0,894.0
920.0,644.0,7.0,900.0
0.0,290.0,4.0,0.0
0.0,0.0,3.0,544.0
1185.0,666.0,8.0,2033.0
,632.0,7.0,1232.0
0.0,528.0,7.0,1164.0
336.0,160.0,5.0,912.0
0.0,572.0,5.0,747.0
1100.0,440.0,6.0,860.0
,286.0,4.0,546.0
0.0,400.0,4.0,894.0
0.0,558.0,7.0,1453.0
0.0,270.0,5.0,1060.0
0.0,484.0,7.0,1436.0
0.0,504.0,5.0,540.0
888.0,320.0,7.0,880.0
0.0,432.0,6.0,816.0
656.0,400.0,7.0,384.0
0.0,303.0,5.0,1617.0
0.0,648.0,7.0,1356.0
0.0,312.0,4.0,1100.0
0.0,264.0,5.0,816.0
,308.0,5.0,1350.0
568.0,842.0,10.0,1722.0
0.0,572.0,5.0,864.0
0.0,453.0,7.0,1257.0
,0.0,4.0,858.0
878.0,506.0,6.0,832.0
351.0,264.0,4.0,732.0
694.0,460.0,6.0,953.0
0.0,288.0,5.0,864.0
0.0,522.0,8.0,1753.0
,416.0,6.0,1477.0
780.0,484.0,5.0,780.0
0.0,588.0,5.0,1626.0
668.0,462.0,6.0,561.0
0.0,890.0,8.0,1566.0
684.0,460.0,6.0,916.0
448.0,240.0,5.0,896.0
0.0,540.0,5.0,1126.0
0.0,264.0,5.0,876.0
0.0,205.0,5.0,616.0
0.0,0.0,5.0,1800.0
0.0,505.0,6.0,1505.0
0.0,621.0,5.0,1430.0
0.0,451.0,4.0,1132.0
836.0,470.0,6.0,928.0
441.0,240.0,4.0,0.0
748.0,336.0,6.0,804.0
0.0,457.0,7.0,1346.0
0.0,220.0,3.0,1162.0
756.0,440.0,6.0,756.0
0.0,288.0,5.0,935.0
0.0,270.0,6.0,813.0
896.0,230.0,5.0,896.0
797.0,514.0,7.0,1475.0
648.0,282.0,5.0,910.0
832.0,528.0,7.0,832.0
0.0,522.0,7.0,2110.0
881.0,684.0,6.0,824.0
550.0,336.0,5.0,757.0
576.0,256.0,5.0,811.0
732.0,380.0,7.0,976.0
649.0,440.0,6.0,912.0
648.0,520.0,5.0,954.0
975.0,493.0,7.0,915.0
0.0,506.0,5.0,931.0
0.0,573.0,7.0,1212.0
596.0,672.0,7.0,952.0
,384.0,5.0,980.0
,470.0,6.0,1073.0
0.0,384.0,4.0,1056.0
0.0,484.0,8.0,1234.0
672.0,440.0,5.0,630.0
371.0,0.0,6.0,319.0
0.0,576.0,5.0,858.0
1142.0,736.0,9.0,1175.0
0.0,414.0,5.0,105.0
813.0,442.0,6.0,780.0
876.0,400.0,6.0,684.0
0.0,630.0,5.0,0.0
0.0,582.0,8.0,1338.0
0.0,312.0,5.0,1188.0
0.0,527.0,7.0,1459.0
954.0,533.0,7.0,1306.0
0.0,605.0,7.0,1413.0
0.0,0.0,5.0,996.0
0.0,504.0,6.0,1092.0
625.0,625.0,7.0,625.0
864.0,572.0,7.0,864.0
0.0,280.0,5.0,924.0
0.0,530.0,6.0,1199.0
0.0,300.0,5.0,948.0
0.0,429.0,5.0,925.0
0.0,366.0,5.0,458.0
886.0,610.0,8.0,1580.0
941.0,487.0,7.0,924.0
0.0,572.0,5.0,1040.0
0.0,804.0,10.0,2633.0
,280.0,5.0,993.0
711.0,460.0,6.0,953.0
0.0,360.0,6.0,784.0
0.0,473.0,6.0,1196.0
0.0,284.0,4.0,1134.0
0.0,244.0,5.0,1268.0
0.0,480.0,7.0,1428.0
0.0,352.0,6.0,1041.0
0.0,275.0,5.0,1008.0
0.0,860.0,8.0,1622.0
864.0,673.0,6.0,864.0
0.0,322.0,5.0,952.0
0.0,286.0,5.0,1040.0
0.0,511.0,8.0,1686.0
,462.0,7.0,935.0
0.0,528.0,5.0,1392.0
0.0,270.0,5.0,608.0
742.0,390.0,6.0,742.0
0.0,300.0,5.0,971.0
0.0,539.0,6.0,1029.0
0.0,0.0,6.0,945.0
0.0,478.0,7.0,1405.0
712.0,472.0,6.0,959.0
0.0,495.0,5.0,1056.0
720.0,672.0,5.0,0.0
0.0,264.0,6.0,918.0
0.0,528.0,5.0,1437.0
0.0,440.0,6.0,1069.0
727.0,441.0,6.0,727.0
1070.0,510.0,7.0,817.0
0.0,895.0,8.0,1935.0
1080.0,564.0,7.0,710.0
0.0,420.0,6.0,848.0
670.0,400.0,7.0,384.0
0.0,260.0,5.0,1056.0
0.0,484.0,5.0,864.0
0.0,564.0,6.0,1032.0
0.0,338.0,5.0,961.0
0.0,480.0,5.0,1235.0
0.0,719.0,7.0,910.0
504.0,264.0,6.0,483.0
0.0,504.0,6.0,975.0
0.0,0.0,5.0,1006.0
780.0,0.0,5.0,780.0
,565.0,7.0,860.0
0.0,308.0,4.0,960.0
0.0,660.0,7.0,1604.0
0.0,621.0,8.0,2217.0
0.0,540.0,6.0,1844.0
772.0,380.0,6.0,799.0
0.0,577.0,7.0,1468.0
167.0,529.0,5.0,1499.0
0.0,338.0,6.0,1240.0
902.0,578.0,8.0,866.0
0.0,299.0,5.0,1096.0
857.0,542.0,7.0,791.0
688.0,453.0,6.0,660.0
728.0,410.0,7.0,728.0
0.0,319.0,5.0,1484.0
0.0,544.0,6.0,1682.0
785.0,389.0,6.0,808.0
0.0,288.0,5.0,1008.0
586.0,440.0,6.0,855.0
0.0,866.0,8.0,1710.0
888.0,463.0,7.0,948.0
754.0,475.0,6.0,725.0
0.0,367.0,7.0,723.0
,426.0,7.0,654.0
0.0,648.0,8.0,1520.0
0.0,308.0,5.0,980.0
850.0,753.0,8.0,1085.0
1357.0,750.0,8.0,1453.0
,696.0,8.0,1470.0
1169.0,480.0,5.0,1105.0
0.0,433.0,6.0,1261.0
0.0,480.0,5.0,1486.0
0.0,240.0,5.0,773.0
0.0,462.0,6.0,1319.0
913.0,546.0,7.0,866.0
0.0,0.0,4.0,950.0
0.0,420.0,6.0,848.0
596.0,198.0,6.0,780.0
729.0,440.0,6.0,729.0
0.0,0.0,4.0,440.0
729.0,440.0,6.0,729.0
0.0,440.0,5.0,864.0
833.0,427.0,7.0,832.0
0.0,611.0,5.0,1390.0
0.0,576.0,4.0,864.0
761.0,512.0,6.0,528.0
0.0,616.0,6.0,1606.0
612.0,528.0,6.0,612.0
0.0,288.0,5.0,928.0
720.0,0.0,4.0,0.0
809.0,546.0,7.0,728.0
708.0,776.0,6.0,708.0
846.0,736.0,8.0,1058.0
0.0,308.0,5.0,936.0
840.0,452.0,6.0,716.0
0.0,400.0,4.0,864.0
0.0,900.0,7.0,1654.0
0.0,576.0,5.0,816.0
1097.0,856.0,8.0,1252.0
0.0,436.0,4.0,1067.0
584.0,539.0,6.0,0.0
0.0,420.0,7.0,1374.0
644.0,486.0,7.0,1195.0
